"interes","examen"
1,8.28571428571429
2,5.66666666666667
3,3.71428571428571
